path,kind,manifold_id,category,title,subtitle,target
1,issue,3691fe2b-8a51-4d25-880e-14997c4074e0,,"Humanities Methods in Librarianship, no. 1",,https://cuny.manifoldapp.org/projects/humanities-methods-in-librarianship-no-1
1/metadata-as-care,text,306e4de4-0664-46fd-beba-b05ce6989a41,Peer Reviewed,Metadata as Care: Cultivating Meaningful Access in Digital Archives,Lisa M. Longenecker,https://cuny.manifoldapp.org/read/metadata-as-care-cultivating-meaningful-access-in-digital-archives-ad5fe943-33ae-40e7-96f5-82695273d06f
1/embracing-place,text,ace2776b-77b3-4133-bc7c-b4588e3f26de,Peer Reviewed,Embracing Place and Naming Placelessness in Librarianship,Nick Szydlowski,https://cuny.manifoldapp.org/read/embracing-place-and-naming-placelessness-in-librarianship-7db506b8-ff6e-42b8-960b-aedb72496a84
1/reading-disrepair,text,12adcaf6-dd8c-40d7-bbed-fece0327ca93,Peer Reviewed,Reading Disrepair: Library Space and Institutional Value,Vaughn X. Haynes,https://cuny.manifoldapp.org/read/reading-disrepair-library-space-and-institutional-value-a86185a9-7c76-4bb1-9f60-694562b31fec
1/ode-to-the-abode,text,d05cfb88-3ac3-443e-84ba-ebbca19b22a5,CREATIVE,Ode to The Abode of All Known,Sean Francis,https://cuny.manifoldapp.org/read/ode-to-the-abode-of-all-known-3a52e42b-e78e-4e67-ad4a-224c1cb2788c
1/pretend-its-magic,text,8e4dfe10-c87f-4d67-85e0-779d0185830c,CREATIVE,Pretend It’s Magic: The Story of a Library Management System,Tara Kunesh,https://cuny.manifoldapp.org/read/pretend-it-s-magic-the-story-of-a-library-management-system-e6f048c2-b058-4522-b323-33a819fd8f11
1/review-triptych,text,71ff9377-37fa-479f-adde-714b4127982a,Book Reviews,"Review of Triptych: Death, AI, and Librarianship",Joel Blechinger,https://cuny.manifoldapp.org/read/review-of-triptych-death-ai-and-librarianship-dcee58c8-9f24-488c-bec2-25cc5a7b92d8
1/review-hayeks-bastards,text,1c06cc2a-10ed-4bea-b59d-76646deb039a,Book Reviews,Review of Hayek’s Bastards: The Neoliberal Roots of the Populist Right,Michael Kirby Hall,https://cuny.manifoldapp.org/read/review-of-hayek-s-bastards-the-neoliberal-roots-of-the-populist-right-5e6166c8-79c3-4aca-97e4-10a0d362aa7a
1/review-how-to-study,text,7b53f79d-a2f8-4ccd-b5e7-46c9e85f436a,Book Reviews,Review of How to Study Public Life,J. Morgan Rowe-Morris,https://cuny.manifoldapp.org/read/review-of-how-to-study-public-life-4543ebe0-f7e3-4292-9e5b-1119abddffe4
